#Type,#StrengthRatio,#MagicRatio,#CastingTime(ms),#PosOffset,#SkillRadius,#DamageCycleTime,#RepeatTime,#DebuffType,#DebuffValue,#DebuffDuration,#DebuffRepeatTime,#DebuffDistance,#Speed,#BuffType,#BuffValue,#BuffDuration,#BuffRepeatTime,#BuffDistance,#DamageReduction,#Extent,#ExtraParam1,#ExtraParam2,#ExtraParam3
enum_skill(EPlayerSkill),float,float,uint16_t,float,float,uint16_t,uint8_t,string,string,string,string,string,float,string,string,string,string,string,float,string,float,float,float
ArcherAttack,1,0,300,0.7,0,0,0,NULL,NULL,NULL,NULL,NULL,30,NULL,NULL,NULL,NULL,NULL,0,0.125;0.125;0.4,0,0,0
ArcherBackStep,0,0,0,0,0,0,0,NULL,NULL,NULL,NULL,NULL,5,NULL,NULL,NULL,NULL,NULL,0,NULL,0,0,0
ArcherDodge,0,0,0,0,0,0,0,NULL,NULL,NULL,NULL,NULL,15,NULL,NULL,NULL,NULL,NULL,0,NULL,0,0,0
ArcherMultipleShot,1.1,0,300,0.7,0,0,0,NULL,NULL,NULL,NULL,NULL,30,NULL,NULL,NULL,NULL,NULL,0,0.125;0.125;0.4,0,0,0
ArcherVault,0.7,0,200,2,0,500,20,NULL,NULL,NULL,NULL,NULL,10,NULL,NULL,NULL,NULL,NULL,0,NULL,0,0,0
ArcherVitalPoint,0,0,0,0,0,0,0,NULL,NULL,NULL,NULL,NULL,0,NULL,NULL,NULL,NULL,NULL,0,NULL,0,0,0
ArcherPenetraitingShot,1.4,1,1000,0.7,0,0,0,NULL,NULL,NULL,NULL,NULL,30,NULL,NULL,NULL,NULL,NULL,0.1,0.125;0.125;0.4,0,0,0
ArcherStickyArrow,0.5,0.8,300,0.7,0,0,0,Slow,0.2,3000,1,0,27,NULL,NULL,NULL,NULL,NULL,0,0.125;0.125;0.4,0,0,0
ArcherHunterEyes,0,0,0,0,0,0,0,NULL,NULL,NULL,NULL,NULL,0,CriticalIncrease,20,7000,1,NULL,0,NULL,0,0,0
ArcherWindStep,0,0,0,0,0,0,0,NULL,NULL,NULL,NULL,NULL,0,SpeedIncrease,0.3,3000,1,NULL,0,NULL,0,0,0
ArhcerArrowRain,1.8,1.2,300,7,8,500,6,NULL,NULL,NULL,NULL,NULL,0,NULL,NULL,NULL,NULL,NULL,0,NULL,0,0,0
ArcherPhoenixArrow,1.8,1.5,1600,0.7,0,0,0,Burn,0.3,500,4,0,0,NULL,NULL,NULL,NULL,NULL,0,0.125;0.125;0.4,0,0,0
ArcherStormArrow,1.3,1.9,0,3.75,0,500,0,NULL,NULL,NULL,NULL,NULL,0,NULL,NULL,NULL,NULL,NULL,0,NULL,0,0,0
FighterDash,0,0,0,0,10,0,0,NULL,NULL,NULL,NULL,NULL,0,NULL,NULL,NULL,NULL,NULL,0,NULL,0,0,0
FighterDodge,0,0,0,0,0,0,0,NULL,NULL,NULL,NULL,NULL,20,NULL,NULL,NULL,NULL,NULL,0,NULL,0,0,0
FigtherSpinKick,0,0,0,0.75,0,0,0,NULL,NULL,NULL,NULL,NULL,0,NULL,NULL,NULL,NULL,NULL,0,NULL,0,0,0
FigtherWildAttack,0.7,0,0,0.75,0,100,7,NULL,NULL,NULL,NULL,NULL,0,NULL,NULL,NULL,NULL,NULL,0,NULL,0,0,0
FighterDragonFist,1.6,0,4400,0.75,0,0,0,NULL,NULL,NULL,NULL,NULL,15,NULL,NULL,NULL,NULL,NULL,0,NULL,0,0,0
FighterMeditation,0,0,0,0,0,0,0,NULL,NULL,NULL,NULL,NULL,0,AttackIncrease;SpeedIncrease,10;0.3;,10000,1,0,0,NULL,0,0,0
FigtherPointBlood,0,0,0,0,0,0,0,MaxHpDecreasePercent,0.15,8000,1,5,0,AttackIncrease;UtilIncrease;SpeedIncrease,30;20;0.4,8000,1,5,0,NULL,0,0,0
FighterIndestructible,0,0,2800,0,0,0,0,NULL,NULL,NULL,NULL,NULL,0,NULL,NULL,NULL,NULL,NULL,0,NULL,0,0,0
FighterWindKick,1.2,0,250,0.75,0,0,15,NULL,NULL,NULL,NULL,NULL,0,NULL,NULL,NULL,NULL,NULL,0,NULL,0,0,0
FighterCounter,1.5,0,0,0,8,0,0,NULL,NULL,NULL,NULL,NULL,0,NULL,NULL,NULL,NULL,NULL,0,NULL,0,0,0
FighterFireBall,1.7,1.5,2800,1.7,0,0,0,NULL,NULL,NULL,NULL,NULL,27,NULL,NULL,NULL,NULL,NULL,0,0.75;0.75;0.75,0,0,0
FighterRisingDragon,1.5,0,300,5,10,0,0,NULL,NULL,NULL,NULL,NULL,0,NULL,NULL,NULL,NULL,NULL,0,NULL,5,0,0
SwordManDodge,0,0,0,0,0,0,0,NULL,NULL,NULL,NULL,NULL,18,NULL,NULL,NULL,NULL,NULL,0,NULL,0,0,0
SwordManRun,0,0,0,0,0,0,0,NULL,NULL,NULL,NULL,NULL,15,SpeedIncrease,0.2,3000,1,0,0,NULL,0,0,0
SwordManHeavySlash,1.3,0,700,1,0,0,0,NULL,NULL,NULL,NULL,NULL,0,NULL,NULL,NULL,NULL,NULL,0,NULL,0,0,0
SwordManShieldBash,1,0,0,2,0,0,0,NULL,NULL,NULL,NULL,NULL,20,NULL,NULL,NULL,NULL,NULL,0,NULL,0,0,0
SwordManWarCry,0,0,300,0,0,0,0,NULL,NULL,NULL,NULL,NULL,0,SpeedIncrease,0.3,10000,1,7,0,NULL,0,0,0
SwordManDefensiveStance,0,0,0,0,0,0,0,Slow,0.3,0,1,0,0,NULL,NULL,NULL,NULL,NULL,0,NULL,0,0,0
SwordManBerserk,0,0,1000,0,0,0,0,ArmorDecrease;UtilDecrease;,20;20,5000,1,0,0,AttackIncrease;UtilIncrease;SpeedIncrease;,20;20;0.1,5000,1,0,0,NULL,0,0,0
SwordManAuraBlade,1.2,0.9,400,0.5,0,0,0,NULL,NULL,NULL,NULL,NULL,0,CriticalIncrease,20,7000,1,NULL,0.1,NULL,0,0,0
SwordManHellBlade,1,0,0,0,6,600,5,NULL,NULL,NULL,NULL,NULL,0,NULL,NULL,NULL,NULL,NULL,0,NULL,0,0,0
SwordManJudgementSword,1.5,0,1100,1,0,0,0,NULL,NULL,NULL,NULL,NULL,0,NULL,NULL,NULL,NULL,NULL,0,NULL,7,2000,0
SwordManProtectedArea,1.8,1.5,1600,0.7,0,0,0,Burn,0.3,500,4,0,0,NULL,NULL,NULL,NULL,NULL,0,0.125;0.125;0.4,0,0,0
SwordManAnkleCut,0.6,0,800,1,0,0,0,Slow,0.2,6000,1,0,0,NULL,NULL,NULL,NULL,NULL,0,NULL,0,0,0
WizardTeleport,0,0,0,0,0,0,0,NULL,NULL,NULL,NULL,NULL,5,NULL,NULL,NULL,NULL,NULL,0,NULL,0,0,0
WizardBlink,0,0,0,0,0,0,0,NULL,NULL,NULL,NULL,NULL,15,NULL,NULL,NULL,NULL,NULL,0,NULL,0,0,0
WizardBodyStrength,1.1,0,300,0.7,0,0,0,NULL,NULL,NULL,NULL,NULL,30,NULL,NULL,NULL,NULL,NULL,0,0.125;0.125;0.4,0,0,0
WizardEnchant,0.7,0,200,2,0,500,20,NULL,NULL,NULL,NULL,NULL,10,NULL,NULL,NULL,NULL,NULL,0,NULL,0,0,0
WizardEarthImpact,0,0,0,0,0,0,0,NULL,NULL,NULL,NULL,NULL,0,NULL,NULL,NULL,NULL,NULL,0,NULL,0,0,0
WizardMagicMissile,1.4,1,1000,0.7,0,0,0,NULL,NULL,NULL,NULL,NULL,30,NULL,NULL,NULL,NULL,NULL,0.1,0.125;0.125;0.4,0,0,0
WizardEnergyBall,0.5,0.8,300,0.7,0,0,0,Slow,0.2,3000,1,0,27,NULL,NULL,NULL,NULL,NULL,0,0.125;0.125;0.4,0,0,0
WizardMagicEye,0,0,0,0,0,0,0,NULL,NULL,NULL,NULL,NULL,0,CriticalIncrease,20,7000,1,NULL,0,NULL,0,0,0
WizardDarknessRay,0,0,0,0,0,0,0,NULL,NULL,NULL,NULL,NULL,0,SpeedIncrease,0.3,3000,1,NULL,0,NULL,0,0,0
WizardReflect,1.8,1.2,300,7,8,500,6,NULL,NULL,NULL,NULL,NULL,0,NULL,NULL,NULL,NULL,NULL,0,NULL,0,0,0
WizardBigBang,1.8,1.5,1600,0.7,0,0,0,Burn,0.3,500,4,0,0,NULL,NULL,NULL,NULL,NULL,0,0.125;0.125;0.4,0,0,0
WizardOverload,1.3,1.9,0,3.75,0,500,0,NULL,NULL,NULL,NULL,NULL,0,NULL,NULL,NULL,NULL,NULL,0,NULL,5,0,0
OgreHeavySwing,0,0,0,0,0,0,0,NULL,NULL,NULL,NULL,NULL,5,NULL,NULL,NULL,NULL,NULL,0,NULL,0,0,0
OgreCrunch,0,0,0,0,0,0,0,NULL,NULL,NULL,NULL,NULL,15,NULL,NULL,NULL,NULL,NULL,0,NULL,0,0,0
OgreCharging,1.1,0,300,0.7,0,0,0,NULL,NULL,NULL,NULL,NULL,30,NULL,NULL,NULL,NULL,NULL,0,0.125;0.125;0.4,0,0,0
OgreRoar,0.7,0,200,2,0,500,20,NULL,NULL,NULL,NULL,NULL,10,NULL,NULL,NULL,NULL,NULL,0,NULL,0,0,0
OgreGluttony,0,0,0,0,0,0,0,NULL,NULL,NULL,NULL,NULL,0,NULL,NULL,NULL,NULL,NULL,0,NULL,0,0,0
OgreEndure,1.4,1,1000,0.7,0,0,0,NULL,NULL,NULL,NULL,NULL,30,NULL,NULL,NULL,NULL,NULL,0.1,0.125;0.125;0.4,0,0,0
OgreRockThrow,0.5,0.8,300,0.7,0,0,0,Slow,0.2,3000,1,0,27,NULL,NULL,NULL,NULL,NULL,0,0.125;0.125;0.4,0,0,0
OgreDimensionPunch,0,0,0,0,0,0,0,NULL,NULL,NULL,NULL,NULL,0,CriticalIncrease,20,7000,1,NULL,0,NULL,0,0,0
OgreButting,0,0,0,0,0,0,0,NULL,NULL,NULL,NULL,NULL,0,SpeedIncrease,0.3,3000,1,NULL,0,NULL,0,0,0
OgreDimensionCrush,1.8,1.2,300,7,8,500,6,NULL,NULL,NULL,NULL,NULL,0,NULL,NULL,NULL,NULL,NULL,0,NULL,0,0,0
ProgrammerMove,0,0,0,0,0,0,0,NULL,NULL,NULL,NULL,NULL,5,NULL,NULL,NULL,NULL,NULL,0,NULL,0,0,0
ProgrammerPointer,0,0,0,0,0,0,0,NULL,NULL,NULL,NULL,NULL,15,NULL,NULL,NULL,NULL,NULL,0,NULL,0,0,0
ProgrammerPlusStats,1.1,0,300,0.7,0,0,0,NULL,NULL,NULL,NULL,NULL,30,NULL,NULL,NULL,NULL,NULL,0,0.125;0.125;0.4,0,0,0
ProgrammerMinusStats,0.7,0,200,2,0,500,20,NULL,NULL,NULL,NULL,NULL,10,NULL,NULL,NULL,NULL,NULL,0,NULL,0,0,0
ProgrammerRelease,0,0,0,0,0,0,0,NULL,NULL,NULL,NULL,NULL,0,NULL,NULL,NULL,NULL,NULL,0,NULL,0,0,0
ProgrammerDelete,1.4,1,1000,0.7,0,0,0,NULL,NULL,NULL,NULL,NULL,30,NULL,NULL,NULL,NULL,NULL,0.1,0.125;0.125;0.4,0,0,0
ProgrammerReturn0,0.5,0.8,300,0.7,0,0,0,Slow,0.2,3000,1,0,27,NULL,NULL,NULL,NULL,NULL,0,0.125;0.125;0.4,0,0,0
ProgrammerLaser,0,0,0,0,0,0,0,NULL,NULL,NULL,NULL,NULL,0,CriticalIncrease,20,7000,1,NULL,0,NULL,0,0,0
ProgrammerWhileTrue,0,0,0,0,0,0,0,NULL,NULL,NULL,NULL,NULL,0,SpeedIncrease,0.3,3000,1,NULL,0,NULL,0,0,0
ProgrammerHelloWorld,0,0,0,0,0,0,0,NULL,NULL,NULL,NULL,NULL,0,SpeedIncrease,0.3,3000,1,NULL,0,NULL,0,0,0
