#Type,#RespawnPos,#ExtraPos,#RespawnLook,#ExtraLook,#RespawnTime(ms),#BaseHp,#HpIncrease,#BaseAttack,#AttackIncrease,#AttackDistance,#AttackCooltime(ms),#GoldReward,#BuffType,#BuffValue,#BuffDuration,#HealCooltime,#HealPercent,#MaxSpeed,#Speed,#RotateSpeed,#ChaseDistance,#ChaseMaxDistance,#Scale
enum_npc_type(ENpcType),string,string,string,string,uint32_t,float,float,uint16_t,uint8_t,float,uint16_t,uint16_t,string,string,string,uint16_t,float,float,float,uint16_t,float,float,float
Minion,15.15;4.0;-7.45;10.24;4.0;-4.61;6.37;4.0;0.13;4.26;4.0;3.5,NULL,NULL,NULL,38000,100,50,20,0,3,1000,0,NULL,NULL,NULL,0,0,4,2,10,8,10,0.3
RedDragon,-160.667801;2.0f;31.810316f;-59.54;2;-65.37;43.669464;2;-161.473022,NULL,0.715286;0;-0.698831;-0.13341;0.f;0.991061;-0.707106;0;0.707107,NULL,180000,1000,200,300,30,15,1000,500,AttackIncrease;DefenseIncrease;UtilIncrease;SpeedIncrease,40;20;15;0.2,90000;90000;90000;90000,300,0.05,5,2,10,0,0,1
GreenDragon,-120.962784;2.0;8.453053;-33.361683;2.0;-40.012661;0.674532;2.0;-122.955055;-88.153732;2.0;-88.865135,NULL,0.624788;0;-0.780794;0.798636;0;0.601815;-0.611066;0;0.791579;-0.93358;0;-0.358369,NULL,120000,400,80,100,10,5,1000,100,DefenseIncrease;UtilIncrease,10;10,60000;60000,300,0.05,5,2,10,8,10,0.5
Golem,-120.962784;2.0;8.453053;-33.361683;2.0;-40.012661;0.674532;2.0;-122.955055;-88.153732;2.0;-88.865135,NULL,0.624788;0;-0.780794;0.798636;0;0.601815;-0.611066;0;0.791579;-0.93358;0;-0.358369,NULL,120000,400,80,100,10,5,1000,100,AttackIncrease;UtilIncrease,30;10,60000;60000,300,0.05,5,2,10,8,10,0.4
Bear,-154.732529;2.0;-37.904739;-117.939507;2.0;-63.354408;-59.048599;2.0;-121.060120;-27.285843;2.0;-159.939133;-80.212196;2.0;-44.198837;-40.816349;2.0;-84.317177,-71.628014;2.0;29.423655;-3.684857;2.0;28.815485;-56.657726f;2.0f;-9.498391;-4.469120;2.0;-69.328262;38.098606;2.0;-84.992836;38.110615;2.0;-19.563322,-0.956305;0;-0.292372;0.34202;0;0.939693;0.95799;0;0.286803;0.443592;0;-0.896229;0.624788;0;-0.780794;0.754709;0;0.656059,-0.13341;0;-0.991061;-0.993897;0;-0.110312;-0.998308;0;-0.0581443;0.275638;0;0.961262;0.999729;0;0.0232685;0.0697558;0;0.997564,40000,200,50,50,5,3,1000,50,NULL,NULL,NULL,300,0.05,5,2,10,15,17,0.8
Minotaur,-154.732529;2.0;-37.904739;-117.939507;2.0;-63.354408;-59.048599;2.0;-121.060120;-27.285843;2.0;-159.939133;-80.212196;2.0;-44.198837;-40.816349;2.0;-84.317177,-71.628014;2.0;29.423655;-3.684857;2.0;28.815485;-56.657726f;2.0f;-9.498391;-4.469120;2.0;-69.328262;38.098606;2.0;-84.992836;38.110615;2.0;-19.563322,-0.956305;0;-0.292372;0.34202;0;0.939693;0.95799;0;0.286803;0.443592;0;-0.896229;0.624788;0;-0.780794;0.754709;0;0.656059,-0.13341;0;-0.991061;-0.993897;0;-0.110312;-0.998308;0;-0.0581443;0.275638;0;0.961262;0.999729;0;0.0232685;0.0697558;0;0.997564,40000,200,50,50,5,3,1000,50,NULL,NULL,NULL,300,0.05,5,2,10,15,17,0.8
Chest,-154.732529;2.0;-37.904739;-117.939507;2.0;-63.354408;-59.048599;2.0;-121.060120;-27.285843;2.0;-159.939133;-80.212196;2.0;-44.198837;-40.816349;2.0;-84.317177,-71.628014;2.0;29.423655;-3.684857;2.0;28.815485;-56.657726f;2.0f;-9.498391;-4.469120;2.0;-69.328262;38.098606;2.0;-84.992836;38.110615;2.0;-19.563322,-0.956305;0;-0.292372;0.34202;0;0.939693;0.95799;0;0.286803;0.443592;0;-0.896229;0.624788;0;-0.780794;0.754709;0;0.656059,-0.13341;0;-0.991061;-0.993897;0;-0.110312;-0.998308;0;-0.0581443;0.275638;0;0.961262;0.999729;0;0.0232685;0.0697558;0;0.997564,40000,200,50,50,5,3,1000,50,NULL,NULL,NULL,300,0.05,5,2,10,15,17,1
Beholder,-154.732529;2.0;-37.904739;-117.939507;2.0;-63.354408;-59.048599;2.0;-121.060120;-27.285843;2.0;-159.939133;-80.212196;2.0;-44.198837;-40.816349;2.0;-84.317177,-71.628014;2.0;29.423655;-3.684857;2.0;28.815485;-56.657726f;2.0f;-9.498391;-4.469120;2.0;-69.328262;38.098606;2.0;-84.992836;38.110615;2.0;-19.563322,-0.956305;0;-0.292372;0.34202;0;0.939693;0.95799;0;0.286803;0.443592;0;-0.896229;0.624788;0;-0.780794;0.754709;0;0.656059,-0.13341;0;-0.991061;-0.993897;0;-0.110312;-0.998308;0;-0.0581443;0.275638;0;0.961262;0.999729;0;0.0232685;0.0697558;0;0.997564,40000,200,50,50,5,3,1000,50,NULL,NULL,NULL,300,0.05,5,2,10,15,17,1
