stage,label,privateBytesMeanMiB,workingSetBytesMeanMiB,dxgiLocalUsageBytesMeanMiB,dxgiNonLocalUsageBytesMeanMiB,privateCommitSharePercent
startup,기동·Title·공통 자원,631.6015625,214.48177083333334,438.64453125,29.21484375,10.953679397070031
skybox,하늘 cubemap,192.51171875,96.3125,96.00390625,96.01171875,3.338673892793632
map,맵 전체,142.3203125,126.921875,17.796875,62.65234375,2.46821915488187
enemies,미니언·몬스터·보스,948.46484375,489.8763020833333,453.9765625,458.3828125,16.448945719366584
skills,스킬 모델·객체·billboard,27.5234375,16.04296875,10.84375,12.39453125,0.47733084935218906
particle_setup,파티클 텍스처·공통 설정,13.67578125,7.4296875,6.0,5.6484375,0.23717503598949954
particles,파티클 객체·대형 버퍼,2420.57421875,7.6015625,2408.1484375,3.078125,41.97930392073842
heroes,영웅 모델 2회·컨트롤러 4개,1088.2174479166667,998.0247395833334,82.95703125,172.95703125,18.87263386682474
ingame_ui,인게임 UI·dissolve,300.97265625,147.29296875,148.51171875,145.6484375,5.219679905157084
submission,GPU 제출·대기·upload 해제,0.2513020833333333,0.2630208333333333,0.0,-170.27734375,0.004358257825951957
