stage,privateMiB,privatePercent,workingSetMiB,dxgiLocalMiB
기동·Title·공통 자원,631.0013020833334,22.71125976727718,212.17708333333334,438.64453125
하늘 cubemap,192.38020833333334,6.924228002566335,96.23177083333333,96.00390625
맵 전체,176.87890625,6.366298728596114,142.84635416666666,33.796875
미니언·몬스터·보스,949.0338541666666,34.15801888008293,489.9713541666667,453.9765625
스킬 모델·객체·billboard,27.225260416666668,0.9799028298566443,15.80078125,10.84375
파티클 텍스처·공통 설정,13.397135416666666,0.48219523728514097,7.268229166666667,6.0
파티클 객체·소형 버퍼,5.049479166666667,0.18174294199550753,4.135416666666667,0.84375
영웅 모델·컨트롤러,215.08072916666666,7.74127453447703,172.90494791666666,36.09765625
인게임 UI·dissolve,297.9752604166667,10.72484877796852,146.55598958333334,148.51171875
GPU 제출·대기,0.5013020833333334,0.018043071858759772,0.51171875,0.0
파티클 고정 재생,269.83984375,9.712187228035841,1.2825520833333333,349.625
재생 후 진입 완료,0.0,0.0,0.0,0.0
