stage,label,privateBytes_beforeMeanMiB,privateBytes_afterMeanMiB,privateBytes_savedMeanMiB,workingSetBytes_beforeMeanMiB,workingSetBytes_afterMeanMiB,workingSetBytes_savedMeanMiB,dxgiLocalUsageBytes_beforeMeanMiB,dxgiLocalUsageBytes_afterMeanMiB,dxgiLocalUsageBytes_savedMeanMiB,dxgiNonLocalUsageBytes_beforeMeanMiB,dxgiNonLocalUsageBytes_afterMeanMiB,dxgiNonLocalUsageBytes_savedMeanMiB
startup,기동·Title·공통 자원,630.640625,632.2408854166666,-1.6002604166666288,211.06380208333334,211.10026041666666,-0.036458333333314386,438.64453125,438.64453125,0.0,29.21484375,29.21484375,0.0
skybox,하늘 cubemap,192.49088541666666,192.3828125,0.10807291666665719,96.20182291666667,96.20442708333333,-0.0026041666666571928,96.00390625,96.00390625,0.0,96.01171875,96.01171875,0.0
map,맵 전체,177.4921875,177.80078125,-0.30859375,143.015625,142.81901041666666,0.1966145833333428,33.796875,33.796875,0.0,78.65234375,78.65234375,0.0
enemies,미니언·몬스터·보스,949.15625,949.0807291666666,0.07552083333337123,490.0520833333333,490.0338541666667,0.01822916666662877,453.9765625,453.9765625,0.0,458.3828125,458.3828125,0.0
skills,스킬 모델·객체·billboard,27.123697916666668,27.505208333333332,-0.3815104166666643,15.734375,15.798177083333334,-0.06380208333333393,10.84375,10.84375,0.0,12.39453125,12.39453125,0.0
particle_setup,파티클 텍스처·공통 설정,13.638020833333334,13.576822916666666,0.06119791666666785,7.467447916666667,7.430989583333333,0.036458333333333925,6.0,6.0,0.0,5.6484375,5.6484375,0.0
particles,파티클 객체·대형 버퍼,2420.4856770833335,2420.7447916666665,-0.25911458333303017,7.451822916666667,7.73046875,-0.27864583333333304,2408.1484375,2408.1484375,0.0,3.078125,3.078125,0.0
heroes,영웅 모델 2회·컨트롤러 4개,1123.2721354166667,215.91796875,907.3541666666667,1015.5690104166666,172.58072916666666,842.98828125,98.95703125,36.09765625,62.859375,189.95703125,53.71875,136.23828125
ingame_ui,인게임 UI·dissolve,298.4544270833333,299.2643229166667,-0.8098958333333712,146.36458333333334,147.50390625,-1.1393229166666572,148.51171875,148.51171875,0.0,144.6484375,144.6484375,0.0
submission,GPU 제출·대기·upload 해제,0.2513020833333333,0.12630208333333334,0.12499999999999997,0.2526041666666667,0.14322916666666666,0.10937500000000003,0.0,0.0,0.0,-194.27734375,-147.9921875,-46.28515625
total,최종 평균,5833.005208333333,4928.640625,904.364583333333,2133.1731770833335,1291.3450520833333,841.8281250000002,3694.8828125,3632.0234375,62.859375,823.7109375,733.7578125,89.953125
